{
  "accuracy": 0.9893875463495717,
  "classification_report": {
    "FAKE": {
      "precision": 0.9915706659173925,
      "recall": 0.9852037967615858,
      "f1-score": 0.9883769780142837,
      "support": 3582.0
    },
    "REAL": {
      "precision": 0.9875645236977945,
      "recall": 0.9929228591648974,
      "f1-score": 0.9902364427714386,
      "support": 4239.0
    },
    "accuracy": 0.9893875463495717,
    "macro avg": {
      "precision": 0.9895675948075935,
      "recall": 0.9890633279632416,
      "f1-score": 0.9893067103928612,
      "support": 7821.0
    },
    "weighted avg": {
      "precision": 0.9893993276142502,
      "recall": 0.9893875463495717,
      "f1-score": 0.9893848121922124,
      "support": 7821.0
    }
  },
  "confusion_matrix": [
    [
      3529,
      53
    ],
    [
      30,
      4209
    ]
  ],
  "labels": [
    "FAKE",
    "REAL"
  ],
  "total_rows": 39103
}